lk,variable,imp_fold1,imp_fold2,imp_fold3,imp_fold4,imp_fold5
f0,210X168,0.0753145848064516,0.03722729488157896,0.03483928709776121,0.02816447089454545,0.017832872935185193
f1,pcent_210X168,0.09076272416666666,0.0008620100999999999,0.01228580587857143,0.075204355,0.018335646545454543
f2,210X83-300X8,0.049251713999999995,0.04806539440000001,0.030599471938095233,0.06574721666666666,0.03121345244444444
f3,210X83-300X1,0.05148303333333334,0.06486140166666667,0.038846975,0.053026550000000006,0.019241301
f4,pcent_210X150,0.14007402857142856,0.03250646347826087,0.0878457937096774,0.06339336925,0.022101666857142856
f5,210X150,0.0,0.07716820666666667,0.0043237399999999995,0.036174899999999996,0.0351828
f6,210X134,0.00421088,0.0869539,0.07897845,0.0,0.0
f7,pcent_210X134,0.0,0.0256799,0.0,0.0,0.0
f8,210X81-300X8,0.0216517,0.027390700444444447,0.08660991428571428,0.0217547,0.013940975166666668
f9,210X120,0.0,0.0,0.0,0.0,0.0
f10,pcent_210X120,0.0,0.0,0.0,0.0,0.0
f11,210X81-300X1,0.0,0.08942169999999999,0.0176204,0.0,0.008488335
f12,210X133,0.07408554857142857,0.056963788789473696,0.06944005852173914,0.033028628250000004,0.032142484954545456
f13,pcent_210X133,0.0118536,0.03906144,0.09977074999999999,0.0,0.028425677499999996
f14,pcent_400X5,0.027859646666666668,0.04796627980833332,0.08742071067647057,0.13585488812500002,0.041639744386842106
f15,400X5,0.05196504,0.022285450000000002,0.10811604777777778,0.16259333333333334,0.194535
f16,210X84-300X8,0.11330428333333332,0.07562673333333335,0.0054283,0.12648494999999998,0.02040806666666667
f17,210X84-300X1,0.0,0.0,0.027148115,0.0,0.059602850000000006
f18,420X48,0.08690275,0.08133796700000001,0.20603132727272727,0.1562285,0.04431486200000001
f19,420X50,0.0,0.0115846,0.16408366666666666,0.168048,0.00012154
f20,pcent_420X50,0.0,0.0190317,0.0160513,0.0,0.0
f21,pcent_420X48,0.0,0.0,0.0,0.13161,0.0
f22,pcent_420X8,0.0,0.0,0.0,0.0,0.0
f23,420X8,0.0,0.0,0.0,0.0,0.0
f24,pcent_210X39,0.07240251991666667,0.04330822362692306,0.06862246241935484,0.14553110749999998,0.06312151227272726
f25,210X39,0.059522185,0.047900424999999996,0.028448411999999996,0.047266300000000004,0.07274648777777776
f26,pcent_210X169,0.20515322679999998,0.0437219,0.14985030000000002,0.06355838750000001,0.31282
f27,210X169,0.19998975000000002,0.198321,0.0,0.11529600000000001,0.0
f28,pcent_520X1,0.09545741727272726,0.07107375526315789,0.03825050142857143,0.12252804333333334,0.04998755255555555
f29,520X1,0.000915188,0.01748038,0.0,0.179587,0.0397379
f30,pcent_210X121,0.0,0.0,0.0,0.167821,0.0
f31,210X121,0.0,0.0,0.0056956,0.0,0.0
f32,300X8,0.08928576333333332,0.017477087999999998,0.05435106727272727,0.15485722857142856,0.10413004666666664
f33,pcent_300X8,0.0,0.15017913,0.21012369666666667,0.0,0.197358
f34,344X213,0.111984,0.04374122799999999,0.07493419866666666,0.06905753333333332,0.0427261511
f35,pcent_344X213,0.056597562500000004,0.07958606666666666,0.0822194,0.0,0.06393075
f36,520X345,0.00306456,0.09493243999999999,0.11626766666666666,0.0867172,0.0129085
f37,pcent_520X345,0.0,0.02504083,0.0,0.0,0.0
f38,520X144,0.0,0.0,0.0784774,0.0,0.0
f39,520X246,0.0,0.0,0.0,0.0,0.0
f40,520X351,0.0,0.0,0.0,0.0,0.0
f41,pcent_520X353,0.0,0.0,0.0,0.0,0.0
f42,pcent_520X351,0.0,0.0,0.0,0.0,0.0
f43,520X353,0.0,0.0,0.0,0.0,0.0
f44,pcent_520X246,0.0,0.0,0.0,0.0,0.0
f45,pcent_520X144,0.0,0.0,0.0,0.0,0.0
f46,pcent_210X135,0.0,0.167787,0.0,0.0,0.0
f47,210X135,0.0,0.0,0.0,0.0,0.0
f48,pcent_312X424,0.07225411666666667,0.027224935399999994,0.120906925,0.11869692500000001,0.06702077871428572
f49,312X424,0.1947524,0.09440934000000001,0.0488884,0.0,0.041065522
f50,pcent_Pro_312_312X163,0.00855459,0.13263225176470586,0.014418320000000002,0.06721293285714286,0.035541313
f51,330X331-330X458,0.06587456,0.04030684536363637,0.045483971111111104,0.0462122221,0.06634978777777777
f52,330X159-330X590,0.03814675,0.029488739999999996,0.010505465000000002,0.0372947,0.015432121999999998
f53,210X82-300X8,0.0370947,0.02253355,0.0634167,0.000496519,0.0535869
f54,344X214,0.13665006857142856,0.09001583333333334,0.159517285,0.17560876875,0.0954262294117647
f55,pcent_344X214,0.184827,0.0121038,0.026871799999999998,0.10663828,0.18534005
f56,330X355-330X395,0.0961662,0.03420805714285714,0.08372353333333334,0.08145034999999999,0.076783000625
f57,210X168-220X415,0.1068948,0.0986074,0.08557994,0.0464491,0.021215228
f58,210X206,0.118309207,0.0698314942857143,0.06834388272500001,0.044456256666666666,0.055792949333333335
f59,pcent_210X206,0.12008193999999998,0.008954375,0.023209340000000002,0.09696565,0.07837291500000002
f60,210X217,0.06974090499999999,0.023233711,0.049965720000000005,0.06762975714285714,0.059179877647058836
f61,pcent_210X217,0.160535,0.0,0.09125893333333333,0.0,0.15526195
f62,330X266-330X353,0.11434493999999999,0.05387448111111111,0.06564124,0.112984227,0.11674047499999997
f63,pcent_210X216,0.114194,0.1071249,0.00483664,0.190924,0.109740375
f64,210X216,0.0,0.0,0.0,0.0,0.0100573
f65,210X119-210X190,0.10888929,0.059192818999999994,0.132514095,0.18837666666666664,0.08155006875
f66,pcent_312X425,0.472918,0.0765339325,0.11494580000000001,0.053718425,0.05388869999999999
f67,312X425,0.1261315,0.0,0.0,0.0,0.00938817
f68,210X82-300X1,0.00395451,0.11873700000000001,0.0972369,0.0,0.0360761
f69,360X1288-750X1288,0.037445019999999996,0.033150207,0.08378833875000001,0.1059181,0.04464298875
f70,210X12-220X477,0.17826652999999998,0.04055286999999999,0.06205098800000001,0.07754754285714285,0.0355056212
f71,pcent_210X119,0.0,0.192546,0.0,0.0757573,0.036121016666666665
f72,210X119,0.0,0.0668774,0.0,0.0,0.0
f73,pcent_210X81,0.14633000000000002,0.13371705,0.11843236666666666,0.115998,0.0018654
f74,210X81,0.1734165,0.0,0.0,0.0,0.0
f75,360X228-360X702,0.15439214550000002,0.13271804000000004,0.12676453181818184,0.132449,0.1286524394117647
f76,330X169-330X590,0.0,0.05667994333333334,0.055782700000000005,0.19147166666666668,0.05765955
f77,pcent_210X145,0.133484,0.06021407,0.08158014999999999,0.190725,0.0995682
f78,210X145,0.0,0.0,0.0547004,0.1345015,0.0
f79,330X286-330X343,0.13715685714285714,0.0,0.12580994,0.0,0.030027570000000003
f80,210X163,0.200671,0.10926131666666666,0.1335176,0.169475,0.11841816999999999
f81,pcent_210X163,0.0,0.11671075,0.0648286,0.152682,0.233156
f82,330X580-360X368,0.09728438,0.0844839656521739,0.05266889142857143,0.02317114,0.08523810157894736
f83,360X971-750X1288,0.0,0.0352795,0.152516,0.0827775,0.030665300000000003
f84,pcent_Pro_300_300X8,0.1370635,0.0310377,0.13336742,0.0,0.00244654
f85,pcent_Pro_750_750X1288,0.06908821571428572,0.08414019666666668,0.10369739444444444,0.11391781428571428,0.1211810142857143
f86,pcent_750X1288,0.2041075,0.10480482857142857,0.10172845,0.122226,0.10610350800000001
f87,750X1288,0.061730485,0.0,0.00367074,0.0,0.0
f88,210X169-220X415,0.0,0.06099123333333334,0.0922167,0.0146135,0.06251466266666666
f89,330X555-330X576,0.0662967,0.09842639999999998,0.08068585,0.0139718,0.0163385
f90,pcent_311X55,0.14764621666666664,0.060104316416666664,0.09794902785714286,0.1348292,0.06652245300000001
f91,311X55,0.1344686,0.038572999999999996,0.12445816666666666,0.0,0.046001669999999995
f92,210X207,0.28300468749999996,0.12072383333333332,0.3360834,0.215101,0.09718654285714286
f93,pcent_210X207,0.051016,0.234581,0.2481275,0.426383,0.0
f94,330X132-330X594,0.101098,0.0815039,0.07388145714285714,0.136379,0.028923403999999996
f95,210X118,0.14585599999999999,0.092359175,0.14380104999999999,0.20342606666666666,0.128356575
f96,pcent_210X118,0.0497755,0.0,0.0,0.0,0.269914
f97,330X142-330X562,0.1468527666666667,0.1149793,0.10799334000000001,0.14032061,0.06870276916666666
f98,340X107-344X212,0.13424786666666666,0.13274535,0.09311906666666665,0.11318932,0.09462399399999999
f99,330X321-330X458,0.145553,0.0865573,0.10283369999999999,0.17912399999999998,0.08529604999999998
f100,330X216-344X5,0.154081825,0.109337925,0.0844121,0.113301,0.07344919000000001
f101,344X212-344X213,0.13446322,0.15934820999999996,0.189034225,0.1599579,0.1438322
f102,330X286-330X353,0.31378,0.179087,0.0,0.0,0.0644929
f103,340X109,0.0,0.0,0.0510603,0.0,0.0
f104,pcent_340X109,0.0,0.0,0.0,0.0,0.136235
f105,210X84,0.0,0.0,0.0,0.0,0.0
f106,pcent_210X84,0.0,0.0,0.10484,0.0,0.0
f107,210X121-220X415,0.143834,0.10620465,0.0,0.0,0.013306944999999999
f108,210X151,0.0,0.0891836,0.0581221,0.104252,0.0662652
f109,pcent_210X151,0.0,0.0,0.0,0.0,0.00491574
f110,220X241-310X36,0.17604233333333333,0.08662962,0.09788746666666666,0.1375411,0.1658884
f111,220X249-310X36,0.0,0.0,0.1604555,0.0,0.0
f112,220X248-310X36,0.0,0.0,0.0,0.0,0.191145
f113,210X134-220X415,0.0,0.0,0.0,0.0,0.14929
f114,312X425-344X213,0.192823,0.13166063749999998,0.071632795,0.26191375,0.033246448750000004
f115,220X247-310X36,0.300207,0.06780482222222221,0.2208497416666667,0.16564433958333333,0.17539955999999998
f116,312X3-330X510,0.15501888888888893,0.05517296642857144,0.08556975263157895,0.08063523739130436,0.0839201419047619
f117,210X135-220X415,0.0,0.0,0.0,0.0,0.0
f118,210X149-220X415,0.2065615,0.057117299999999996,0.10881185,0.0902603,0.039396633333333334
f119,420X30,0.095812935,0.06240812258064517,0.08217896562941177,0.10943882099999998,0.0696335647368421
f120,pcent_420X30,0.110012,0.04569444545454546,0.08518244285714285,0.11368349999999999,0.05497608571428571
f121,210X132,0.0,0.0,0.06739799999999999,0.035395449999999995,0.18185905
f122,pcent_210X132,0.170744,0.0884865,0.115621,0.0,0.0
f123,210X133-220X415,0.131097,0.14578345,0.059637966666666674,0.21324333333333334,0.04774999
f124,312X667-312X673,0.00311933,0.10887664999999999,0.00841141,0.0,0.0104243
f125,210X120-220X415,0.0,0.0,0.0,0.0,0.0
f126,311X48,0.14743995714285713,0.0631709711111111,0.11360551904761905,0.092906376,0.07863785555555557
f127,pcent_311X48,0.131758,0.0,0.0906965,0.144973,0.0
f128,pcent_261X687,0.161428,0.0977395,0.0355142,0.124801,0.0796373
f129,pcent_261X501,0.0,0.0,0.0,0.0,0.0
f130,pcent_261X315,0.0,0.0,0.0,0.0,0.0
f131,261X501,0.0,0.0,0.0,0.0,0.0
f132,261X687,0.0,0.0,0.0,0.0,0.0
f133,261X315,0.0,0.0,0.0,0.0,0.0
f134,pcent_Pro_750_750X971,0.0,0.12354129999999999,0.0,0.0,0.0
f135,pcent_750X971,0.0,0.0,0.0,0.0,0.0
f136,750X971,0.0,0.0,0.0,0.0,0.0
f137,360X1288-750X971,0.0,0.0,0.0,0.07934515,0.0131417
f138,420X4,0.187583605,0.10003806045454544,0.08108921999999999,0.12200215090909093,0.07134215
f139,pcent_420X4,0.1775674,0.07475113333333333,0.08613282500000001,0.11658095,0.08344970000000002
f140,330X139-330X587,0.0,0.1706547185185185,0.0,0.1471094857142857,0.1022926
f141,300X1,0.0,0.17604199999999998,0.10587819999999999,0.0,0.110148
f142,pcent_300X1,0.12217549999999999,0.0,0.0,0.0,0.0
f143,330X333-344X5,0.14614364999999999,0.137568,0.11179305,0.0839367,0.11292228000000001
f144,210X119-220X421,0.05034042,0.05643316350000001,0.08719835999999997,0.05951344000000001,0.07736716000000002
f145,261X708,0.0571707,0.143712,0.24094770000000001,0.0536409,0.051619028571428575
f146,pcent_261X708,0.0,0.0,0.0,0.0,0.0654785
f147,220X290-220X524,0.07212824,0.11566587727272724,0.11316841851851854,0.08874562750000001,0.09415654444444445
f148,210X135-210X150,0.07488964414285715,0.0418683525,0.08169002,0.07384763333333333,0.04874162777777778
f149,210X121-210X150,0.0,0.101261,0.11991666666666667,0.0,0.0644254
f150,210X156,0.199331,0.0,0.11390246,0.08254639,0.08126415714285715
f151,pcent_210X156,0.300478,0.0623574,0.00748723,0.0,0.0
f152,312X463-312X470,0.15588760666666665,0.0423964,0.09087471666666667,0.2020239,0.23662933333333333
f153,360X971-750X971,0.0,0.0,0.0,0.0,0.0
f154,340X109-344X212,0.0946701,0.1289287,0.101509,0.0,0.09998639999999999
f155,330X132-330X587,0.082889375,0.19110375,0.0429332,0.0,0.0
f156,pcent_420X33,0.22711433333333333,0.12324618000000002,0.0,0.123454,0.0521003625
f157,420X33,0.164061,0.0634371,0.0178158,0.0,0.125944
f158,210X119-220X415,0.0,0.0,0.0,0.0441662,0.0
f159,330X353-344X5,0.1354715,0.02929995,0.0,0.0,0.137751
f160,300X11-344X213,0.03393865,0.21124317222222222,0.14194600000000002,0.15776571111111112,0.12367641666666668
f161,pcent_300X11,0.206603,0.0,0.0,0.126109,0.0338596
f162,300X11,0.0,0.31439,0.0831136,0.0,0.0817783
f163,210X11-750X1296,0.10174421571428571,0.15117033769230767,0.1442685,0.13111677500000002,0.041178875
f164,210X157,0.15532613333333334,0.0,0.0,0.21967166666666668,0.0
f165,pcent_210X157,0.0,0.0,0.0507238,0.0,0.0
f166,pcent_420X31,0.09398991052631578,0.08638177692307693,0.07001074705882353,0.06661701666666667,0.0643478846153846
f167,420X31,0.0,0.11265086666666667,0.106746975,0.133506,0.06916835
f168,330X107-330X315,0.192019,0.0162823,0.054889299999999995,0.0,0.113818535
f169,330X451-330X491,0.1546409,0.16709155454545452,0.10177141666666666,0.13047155714285716,0.10018171666666668
f170,330X157-330X671,0.10359876666666668,0.14954761500000002,0.06556487545454547,0.14394454999999998,0.06306162000000001
f171,pcent_360X1041,0.122365125,0.0942070625,0.09675728749999998,0.1063179,0.10575116666666663
f172,360X1041,0.0,0.198439,0.0714089,0.0,0.138611625
f173,340X108,0.0,0.0,0.0,0.0,0.0
f174,pcent_340X108,0.0,0.0,0.0,0.0,0.0
f175,pcent_Pro_311_311X55,0.0,0.0445483,0.10858774,0.05447292666666667,0.10254525000000002
f176,344X212,0.197627,0.209301,0.196527,0.22924659999999997,0.19995628571428575
f177,pcent_344X212,0.194794,0.0,0.0,0.150877,0.13922834
f178,330X155-330X587,0.0,0.11538546666666667,0.0373455,0.1427669,0.1255335
f179,cnt_Pro_312_312X174,0.0,0.0,0.0,0.101119,0.0
f180,pcent_210X162,0.221954,0.278083,0.058665866666666656,0.18537588,0.31754795
f181,210X162,0.14226,0.0,0.0474336,0.189939,0.278726
f182,210X12,0.13401893333333334,0.05188156000000001,0.07076804585714284,0.21777833333333332,0.1042458
f183,pcent_210X12,0.186748,0.0,0.0927508,0.0,0.0464815
f184,312X28-330X671,0.11352652499999998,0.09336317272727271,0.16264757500000002,0.09313135,0.09762652499999999
f185,330X305-330X375,0.07234403333333334,0.09382676666666667,0.04820008,0.180041,0.12495014285714287
f186,220X260-420X30,0.12644735,0.0884131375,0.06325342777777777,0.101477456,0.09412049166666668
f187,210X149,0.197328,0.09229022857142857,0.1151085,0.180501,0.18315166666666668
f188,pcent_210X149,0.0206909,0.0,0.1062643,0.238428,0.0961675
f189,210X121-210X166,0.16776175,0.11491600000000002,0.10159892874999998,0.13369615,0.060668865625000006
f190,cnt_Pro_312_312X341,0.11125331818181819,0.057134525000000005,0.1297169,0.10821879250000001,0.09122008000000001
f191,pcent_420X32,0.11599825714285715,0.024992106666666666,0.10740867428571428,0.11999977142857142,0.04467814999999999
f192,420X32,0.142108,0.0,0.144195,0.14211754,0.0689943
f193,330X149-330X529,0.0125331,0.10310230000000004,0.09265845,0.16634365714285715,0.08423713636363638
f194,pcent_Pro_311_311X48,0.161502,0.082752875,0.17531224999999998,0.11035852,0.055500516666666666
f195,312X425-340X107,0.3094874545454545,0.0983043087777778,0.10889570909090907,0.1574846875,0.21442072230769227
f196,210X87-261X703,0.0985663,0.06558666999999999,0.07199387142857142,0.1357877,0.09941818
f197,pcent_210X167,0.0,0.0,0.135267,0.0,0.03710795
f198,210X167,0.0,0.0,0.0,0.0,0.0567895
f199,312X163,0.11442196923076922,0.13026185555555556,0.07521560000000001,0.18051215833333334,0.10100530625000001
f200,pcent_312X163,0.123001,0.12453170000000001,0.138577,0.11376673333333333,0.149453175
f201,312X162-312X163,0.0711918,0.167498,0.0956203,0.0,0.020895
f202,360X294-360X368,0.14763126,0.27937999999999996,0.22171500000000002,0.0122196,0.07865660000000001
f203,pcent_Pro_310_310X23,0.24618855555555555,0.25232615384615387,0.0,0.0,0.16711106666666664
f204,pcent_Pro_310_310X14,0.0,0.335842,0.0,0.0907802,0.0
f205,210X120-210X121,0.0910877,0.0,0.1066804857142857,0.1284555,0.10671258750000003
f206,330X169-330X589,0.130279,0.09150763333333334,0.146315,0.1288805,0.11888359999999998
f207,312X23-330X617,0.12669151666666667,0.0474468,0.17200715,0.0630591,0.041464100000000004
f208,210X120-210X135,0.17627125,0.075956525,0.12301133499999999,0.0,0.1242032846153846
f209,330X462-330X492,0.10236625,0.0843561,0.12324917499999999,0.1873642,0.05434699999999999
f210,330X226-344X5,0.0,0.0389567,0.0456209,0.129685,0.0860102
f211,330X325-330X365,0.11332296666666665,0.09017582500000001,0.02942405,0.111965,0.13181828
f212,220X241-440AX2,0.0,0.061457099999999994,0.07911295,0.042108,0.034442
f213,220X248-440AX2,0.0,0.165934,0.0161958,0.0550754,0.0
f214,220X249-440AX2,0.0,0.00925747,0.0,0.0,0.0
f215,330X677,0.0,0.0551279,0.06229705,0.0,0.0
f216,pcent_330X677,0.0,0.0539511,0.0,0.0,0.0
f217,312X457-312X584,0.0,0.06767783999999999,0.07988095,0.0,0.07370478888888889
f218,220X249-220X260,0.0,0.0,0.0,0.0,0.0
f219,220X241-220X260,0.0,0.0,0.0,0.0,0.0
f220,pcent_220X241,0.0,0.0,0.0,0.0,0.0
f221,pcent_220X248,0.0,0.0,0.0,0.0,0.0
f222,220X249,0.0,0.0,0.0,0.0,0.0
f223,pcent_220X249,0.0,0.0,0.0,0.0,0.0
f224,220X241,0.0,0.0,0.0,0.0,0.0
f225,220X248-220X260,0.0,0.0,0.0,0.0,0.0
f226,220X247-220X260,0.0,0.03758065,0.00642046,0.0,0.0
f227,220X248,0.0,0.0,0.0,0.0,0.0
f228,330X288-330X529,0.08363915,0.087565,0.100057,0.0178301,0.08119086666666667
f229,210X12-360X712,0.09980772444444444,0.028873950000000002,0.0757164,0.0169327,0.07945156666666667
f230,360X164-360X636,0.10090515444444445,0.09094304399999999,0.056147920000000004,0.08979939999999999,0.08140601083333333
f231,330X548-330X576,0.0,0.08572593333333334,0.0,0.09983875,0.07014460000000002
f232,210X87-261X521,0.0,0.06078616666666667,0.07674815,0.0,0.0
f233,210X12-312X332,0.10653933333333333,0.0903127727586207,0.09375081818181817,0.13302266666666665,0.09530447
f234,330X590,0.16480533333333333,0.13211612666666667,0.11006411,0.17711131578947364,0.09433190055555556
f235,pcent_330X590,0.0,0.12969171250000003,0.06452190000000001,0.12352591666666668,0.112238
f236,360X368-360X764,0.1410975,0.0661767,0.10106948,0.132132425,0.12037966666666666
f237,pcent_Pro_220_220X247,0.0,0.07379998999999998,0.0,0.0740136,0.07746603333333334
f238,312X3-330X403,0.0,0.0462549,0.13574745,0.11910963999999999,0.09939425714285717
f239,210X121-210X134,0.154448,0.0,0.16723045,0.18513374999999999,0.242909
f240,210X132-210X163,0.01738538,0.09371541,0.08721139166666665,0.1520115,0.06826306727272727
f241,210X120-210X168,0.200783225,0.1459032125,0.1831645,0.088834825,0.17814832500000002
f242,312X470-312X577,0.08578495,0.03059896,0.0649067125,0.0936364,0.020108244999999997
f243,210X134-210X135,0.284528,0.112846,0.143782675,0.122411,0.12071576666666667
f244,210X162-220X415,0.09236926666666667,0.0118699,0.13445436666666669,0.089388,0.0
f245,cnt_312X670,0.0,0.07602436,0.06506730000000001,0.13015635,0.0455244
f246,pcent_261X338,0.0,0.0606652,0.0,0.0,0.0534591
f247,261X338,0.0,0.10961,0.0,0.0,0.0
f248,330X149-330X305,0.0540097,0.0573888,0.10040515,0.07818273333333332,0.0157751
f249,330X345-330X395,0.167842,0.0831476,0.0,0.08718763333333333,0.040186400000000004
f250,330X365-330X385,0.1319028,0.0905703,0.177985,0.0,0.073584229
f251,pcent_330X671,0.0,0.0,0.0451092,0.0,0.0
f252,330X671,0.0,0.0,0.0,0.0,0.0
f253,310X29-520X258,0.1851187021276596,0.08329176843750001,0.09578547222222221,0.16377936959183673,0.13055871066666666
f254,330X315-330X345,0.067964,0.06059257999999999,0.15065884285714287,0.22798841999999997,0.03943537666666666
f255,330X462-330X512,0.24985664285714285,0.2875245166666667,0.172493,0.425751,0.07728393300000001
f256,cnt_312X768,0.15828633333333333,0.0,0.0,0.0118263,0.03508316666666667
f257,210X163-220X415,0.191896,0.163557,0.225336,0.15307466666666666,0.0
f258,360X368-360X702,0.1414793,0.08131250000000002,0.10180887272727274,0.12881943333333332,0.08604956666666667
f259,330X432-330X583,0.1737953,0.0949782777777778,0.09208794,0.08896905,0.09265599999999999
f260,312X38-330X422,0.16301787142857144,0.1325583357142857,0.07899142999999999,0.17237528947368422,0.09786914499999998
f261,330X226-340X163,0.1392289111111111,0.12378523571428571,0.12363600538461536,0.07438556666666667,0.07482279696969699
f262,310X36-520X179,0.175139,0.10142767923076924,0.10240070105263159,0.095356625,0.14289153518518516
f263,312X554-312X566,0.113642,0.056093050000000005,0.11220643333333331,0.0,0.033412762500000005
f264,210X12-312X334,0.075638,0.0,0.09520202500000001,0.0,0.1027614
f265,210X167-220X415,0.0,0.244526,0.0984041,0.0,0.0
f266,312X23-330X547,0.256515,0.1748499166666667,0.11970241666666669,0.0,0.12402175555555556
f267,330X216,0.0,0.0,0.0,0.166713,0.0570244
f268,pcent_330X216,0.0,0.0,0.0,0.0,0.0
f269,330X311-330X458,0.0,0.188039,0.0578911,0.21648,0.059798802
f270,330X276-330X691,0.22917968749999998,0.1679718931034483,0.13325588285714288,0.22707893333333334,0.13762740000000004
f271,312X667-312X679,0.0,0.07649876,0.0,0.11660475,0.0150708
f272,330X588-330X691,0.1123132,0.09144569999999999,0.0585903,0.18865366666666664,0.120651
f273,330X226-340X161,0.09493192857142858,0.13675732590909087,0.12853597894736848,0.16712865384615386,0.09706273315789472
f274,210X11-220X403,0.11475985789473683,0.07945729166666667,0.05317702842105263,0.15771667474999998,0.0894395344827586
f275,330X226-330X333,0.08102835,0.09352315454545454,0.087697475,0.0470878,0.08508968
f276,312X23-330X441,0.160173,0.12283652307692307,0.19279192499999998,0.0,0.10502064
f277,330X206-344X5,0.0,0.05818845,0.14470625,0.0644555,0.13868695
f278,312X3-330X296,0.136472,0.0,0.0,0.00873443,0.192426
f279,330X343-344X5,0.0,0.0,0.0882637,0.0994265,0.09804286666666667
f280,330X179-330X590,0.0,0.0834141,0.0,0.0,0.0562266
f281,330X135-330X405,0.19474205555555557,0.07096928333333334,0.13411633952380955,0.09421535,0.10612270000000001
f282,pcent_311X60,0.0,0.0,0.0,0.0,0.0
f283,311X60,0.0,0.0,0.0,0.0,0.0
f284,210X135-210X166,0.0,0.10662572499999999,0.015932835,0.0345122,0.05509175
f285,210X87-261X335,0.0907262,0.0,0.0,0.0,0.0
f286,330X146-330X587,0.0,0.17565543333333333,0.0383046,0.14530666666666667,0.0
f287,312X28-330X670,0.122784,0.0,0.0,0.0,0.11664118000000001
f288,210X1-330X671,0.18448796250000002,0.08614794999999999,0.12216764999999999,0.046767819999999995,0.090517
f289,210X12-312X331,0.10189490000000001,0.085649775,0.10013774,0.0,0.091466325
f290,pcent_Pro_312_312X311,0.0881841,0.06658672499999999,0.09484259999999999,0.0,0.14276294999999997
f291,330X198-330X590,0.0,0.0494,0.0656121,0.0,0.0
f292,cnt_312X169,0.0,0.0,0.0,0.0,0.0
f293,312X483-344X240,0.059591149999999996,0.03552388333333333,0.0761842,0.13221966666666668,0.08388037999999999
f294,pcent_210X166,0.0,0.12924519999999998,0.040479249999999994,0.1076714,0.0
f295,210X166,0.294986,0.0,0.163147,0.0,0.0
f296,330X216-340X161,0.1927454,0.14581627500000002,0.11728668888888888,0.13266426666666667,0.09141874
f297,312X440,0.0,0.0628203,0.0,0.104977,0.0
f298,pcent_312X440,0.0,0.0,0.0,0.0,0.0
f299,360X317-360X487,0.14822853749999998,0.09346485053846156,0.06814362000000002,0.07141665,0.0746637
f300,210X189-220X524,0.12807916,0.1308909377777778,0.07859237999999999,0.0502674,0.08681038333333331
f301,261X710,0.0,0.0,0.0,0.0,0.0
f302,pcent_261X710,0.0,0.0,0.0,0.0,0.0
f303,310X36-520X177,0.14210979999999998,0.143872135,0.07049086875000002,0.13378746666666666,0.10536905
f304,210X87-311X61,0.0,0.0,0.0,0.0,0.0
f305,312X475-312X483,0.0,0.0,0.0,0.0,0.0
f306,312X669-312X675,0.07848154666666667,0.0403028,0.07293744999999999,0.0454262,0.0163571
f307,330X226-330X343,0.1538569,0.19303889999999999,0.09838219999999999,0.15453968333333332,0.10282227333333332
f308,360X635,0.092214,0.06301994999999999,0.0852506,0.171593,0.055565265
f309,pcent_360X635,0.0849799,0.0,0.0,0.0,0.0
f310,210X87-261X331,0.0,0.0,0.0,0.0,0.0
f311,210X87-261X517,0.0,0.113015,0.0,0.0,0.0
f312,344X19-360X635,0.184888,0.14212233333333332,0.10894288333333334,0.0941946,0.105758
f313,210X83,0.0,0.124336,0.0,0.0,0.0
f314,pcent_210X83,0.0,0.0,0.0,0.0,0.0
f315,312X516-330X157,0.0508363,0.0664615625,0.0987253,0.0,0.07220125
f316,cnt_312X694,0.0,0.06611275,0.0253716,0.0656644,0.11257349999999999
f317,210X134-210X168,0.292754,0.11276920000000001,0.17923785,0.13308975,0.0
f318,cnt_Pro_312_312X520,0.0,0.0,0.0,0.0,0.0
f319,cnt_312X520,0.0,0.0,0.0,0.0,0.0
f320,330X492-330X548,0.22465791250000003,0.15846613333333331,0.09423802499999999,0.057596350000000004,0.07280916666666666
f321,210X190-220X390,0.12253866666666668,0.10682215555555555,0.11762136923076924,0.11080534,0.09795857692307691
f322,750X164-750X612,0.10787796000000001,0.08369161,0.05532531666666667,0.03728254625,0.08389767000000001
f323,312X21-330X462,0.14917249999999999,0.0832785090909091,0.07995572000000001,0.219201,0.08789083333333333
f324,312X552,0.074514347,0.0507774,0.08053182763636363,0.06043227500000001,0.05604058333333333
f325,pcent_312X552,0.03431493333333333,0.033548299999999996,0.142665,0.0,0.0633176
f326,310X43,0.15034424545454547,0.166203,0.08322255,0.1562241,0.16320443333333332
f327,pcent_310X43,0.08914115,0.0,0.0,0.0525432,0.17831133333333335
f328,330X206-330X353,0.291686,0.11692298749999999,0.215836,0.2863326666666666,0.0
f329,210X121-210X168,0.1830462,0.09703692857142857,0.10192359999999998,0.109098,0.1636502823529412
f330,330X315-330X365,0.08062886666666667,0.0,0.09146011250000001,0.0,0.0623529
f331,pcent_311X63,0.0,0.0,0.0,0.0,0.0618173
f332,311X63,0.0,0.0,0.0,0.0,0.0
f333,330X266-330X333,0.0,0.10408,0.0,0.0,0.0
f334,pcent_210X82,0.1316765,0.09471689999999999,0.085942,0.0,0.0
f335,210X82,0.232585,0.0,0.0,0.0,0.0
f336,pcent_312X584,0.0,0.0330831,0.06379253333333333,0.116815,0.0386204
f337,312X584,0.0,0.0,0.0,0.0,0.0
f338,cnt_312X780,0.13375900000000002,0.020834066666666668,0.0908717,0.0,0.017389
f339,cnt_312X786,0.0,0.0,0.06069385,0.103377,0.06998265000000001
f340,330X107-330X568,0.152654225,0.13236877500000002,0.125396,0.10298386666666666,0.08830525
f341,330X325-330X395,0.03497317,0.08462965,0.0,0.13617348571428572,0.17555785714285713
f342,210X118-210X166,0.28461220000000004,0.06524902727272727,0.0892068007142857,0.14544006666666667,0.1018806857142857
f343,330X266-330X343,0.0,0.0,0.0,0.329428,0.26384949999999996
f344,344X23-360X635,0.0,0.05814455,0.09987889999999999,0.185675,0.0852819
f345,cnt_312X744,0.0778696,0.0791258,0.08377222142857142,0.0,0.0540866
f346,330X140,0.187984,0.0,0.0,0.0,0.0
f347,pcent_330X140,0.0,0.0,0.0,0.0967707,0.0
f348,330X149-330X576,0.0,0.0,0.06212945,0.10387049999999999,0.138377
f349,pcent_340X107,0.0,0.0,0.0,0.0,0.0
f350,340X107,0.0,0.0,0.0,0.0,0.0
f351,210X193-220X288,0.124524,0.08792148571428571,0.07771815,0.0,0.06054716666666667
f352,330X576-344X10,0.11735899999999999,0.11624966666666665,0.06687630875,0.150498,0.02268935
f353,pcent_312X441,0.0,0.0519475,0.0,0.12404400000000002,0.0658661
f354,312X441,0.0,0.0,0.0,0.0,0.000153429
f355,220X266-312X424,0.16771366666666668,0.10453543333333333,0.0,0.043701,0.07269958333333333
f356,cnt_312X524,0.05318019333333334,0.08177603333333333,0.05214311359999999,0.00711246,0.04856225
f357,cnt_Pro_312_312X524,0.021869743333333334,0.0,0.122142,0.0,0.0
f358,312X483,0.0,0.0,0.0,0.0,0.06538646666666668
f359,pcent_312X483,0.0,0.0,0.0,0.0,0.0730919
f360,210X189-220X408,0.16522125,0.1174847,0.09926493263157894,0.0399281,0.1330079
f361,312X674-312X680,0.0,0.048400033333333335,0.183799,0.233683,0.06507705
f362,cnt_310X173,0.114602,0.133269,0.0745387,0.0,0.0132647955
f363,310X5-310X12,0.17934524999999998,0.11097950769230767,0.12615020000000002,0.12021113333333333,0.14039865
f364,312X38-330X258,0.15577310384615387,0.07816133749999998,0.14415736153846154,0.16493737777777775,0.08773541739130435
f365,330X149-330X582,0.0,0.03581425,0.0,0.04603285,0.0577027
f366,420X30-440AX2,0.14445924999999998,0.036646766666666664,0.1385847,0.09045266,0.08628835555555553
f367,261X522,0.0,0.0,0.0,0.0,0.0
f368,pcent_261X522,0.0,0.0,0.0,0.0,0.0
f369,330X132-330X409,0.12080767,0.08162296842105261,0.13242483333333332,0.14872771428571427,0.09238655200000004
f370,cnt_312X666,0.0,0.07999846428571429,0.06691467499999999,0.11580156666666667,0.08293477777777777
f371,210X5-210X39,0.10323264999999998,0.15215511764705886,0.21514075,0.203737625,0.16201531624999999
f372,312X38-330X353,0.138893975,0.13652350000000002,0.09250448571428571,0.276712,0.10600636666666668
f373,330X286-330X691,0.23170404761904764,0.2454279083333333,0.132622675,0.17717688333333334,0.18178795000000003
f374,330X258-330X583,0.110809,0.0973176,0.10231050000000001,0.185126,0.06579655000000001
f375,pcent_Pro_220_220X241,0.0,0.0,0.0,0.0,0.0
f376,pcent_Pro_220_220X249,0.0,0.0,0.0,0.0,0.0
f377,pcent_Pro_220_220X248,0.0,0.0,0.0,0.0,0.0
f378,pcent_312X558,0.190896,0.1629569333333333,0.2247534,0.0724088,0.061714374999999995
f379,312X558,0.0,0.0523248,0.0,0.0,0.024625374999999998
f380,330X142-330X472,0.190616925,0.15799693809523813,0.13242227666666667,0.2887174600000001,0.12359100357142862
f381,330X574-330X691,0.0,0.158325,0.0354484,0.0,0.144518
f382,330X502-330X562,0.1306,0.06340654,0.19606573333333335,0.0,0.09177289999999999
f383,312X700-344X352,0.180984,0.06383538333333333,0.09973449259259258,0.13815742307692308,0.0888221607142857
f384,310X29-520X262,0.2344425608695652,0.20290353333333336,0.2547893815789474,0.2537385366666666,0.1437869933333333
f385,210X133-210X156,0.12614920000000002,0.09044496666666665,0.09877790303030304,0.150644,0.1341168642857143
f386,330X276-330X343,0.0,0.0,0.0,0.229048,0.0
f387,cnt_Pro_312_312X518,0.0,0.0564819,0.0597476,0.0,0.0231554
f388,pcent_312X564,0.122781,0.05591815,0.11857755,0.0,0.07257601666666667
f389,312X564,0.0,0.0,0.0941117,0.0,0.0
f390,cnt_Pro_312_312X244,0.0,0.00399983,0.0,0.0,0.0
f391,cnt_312X263,0.0,0.0,0.0,0.0,0.0
f392,220X247-520X179,0.11271991999999997,0.08220378125,0.11645540000000001,0.08138640769230768,0.10101370666666663
f393,360X155-360X294,0.16532319999999998,0.14864847500000003,0.0,0.118060175,0.18448540000000002
f394,261X524,0.0,0.0,0.0,0.0,0.0
f395,pcent_261X524,0.0,0.0,0.0,0.0,0.0
f396,330X331-330X448,0.06650645,0.16252513333333335,0.18298666666666666,0.09793514,0.09946943000000001
f397,330X353-330X633,0.0,0.16388788333333335,0.09028097142857142,0.179814,0.06696896666666667
f398,330X159-330X589,0.0,0.0767024,0.0,0.14049,0.121991
f399,330X452-330X583,0.197168,0.13233005555555558,0.0604242,0.09242149999999999,0.0527653
f400,312X46-330X604,0.135592175,0.19700318000000003,0.31871841999999995,0.1573005,0.0
f401,330X149-330X345,0.0,0.057424833333333335,0.08528105000000001,0.0,0.05117775
f402,pcent_Pro_312_312X189,0.0,0.0,0.0,0.0,0.0
f403,210X114-330X1228,0.12183505,0.0843275,0.17658657999999994,0.19870243263157897,0.15926106666666667
f404,330X587-330X615,0.101452,0.14046098333333332,0.212436,0.0258326,0.10029554999999998
f405,210X87-261X707,0.0,0.0,0.0,0.0,0.0
f406,330X539-330X576,0.0,0.10036585,0.11983540000000001,0.0,0.06882706666666667
f407,cnt_312X341,0.0,0.090336925,0.06473695,0.109479,0.035319
f408,pcent_330X226,0.0,0.0,0.0619293,0.0,0.0
f409,330X226,0.0,0.0,0.0,0.0,0.0
f410,cnt_312X676,0.093805,0.12602055,0.0349512,0.1451385,0.08271977
f411,312X66-344X25,0.14298732,0.13826006666666665,0.09862298333333334,0.12198818,0.09281722
f412,pcent_Pro_330_330X286,0.200441,0.1631842875,0.2336284625,0.14232974,0.1548505125
f413,210X1-330X677,0.16449950000000002,0.08231580000000001,0.0,0.15983725000000001,0.0491064
f414,210X12-312X335,0.15929522222222225,0.09511354,0.10028095000000002,0.0,0.09020875384615384
f415,330X468-330X594,0.16094698000000002,0.118057025,0.13527584,0.13317943800000004,0.055077492000000006
f416,330X588-330X690,0.102723,0.0413917,0.0413531,0.217823,0.0
f417,cnt_312X48,0.022444,0.0,0.0,0.0,0.0
f418,cnt_312X3,0.0,0.0,0.0,0.0,0.0
f419,pcent_310X119,0.1533052,0.1206774125,0.11585763333333333,0.09475286666666666,0.07951138461538461
f420,310X119,0.27082100000000003,0.058222666666666666,0.08630945,0.0484508,0.12427203333333332
f421,210X11,0.2117393,0.1706840761904762,0.22340012820512817,0.16765159777777783,0.1566458605
f422,pcent_210X11,0.25988049999999996,0.089236262,0.14738293799999996,0.22837249999999998,0.1694435
f423,330X315-330X355,0.1178659,0.15147044999999998,0.13475253999999998,0.1439655,0.06417065
f424,pcent_Pro_312_312X531,0.113542,0.0,0.067258,0.0,0.0
f425,210X81-210X82,0.18408433333333332,0.029941,0.07620458999999999,0.14928262500000003,0.07817695999999999
f426,312X66,0.03346775,0.0551564,0.08447223333333335,0.14287234,0.0916326
f427,pcent_312X66,0.108196,0.0,0.08471088000000002,0.0,0.06823444000000001
f428,330X575-330X597,0.10996925,0.15231315,0.177739,0.092047,0.075467025
f429,330X286-330X510,0.173432,0.09022146666666668,0.0725454,0.0,0.0
f430,312X457-312X470,0.0,0.0,0.0619705,0.0,0.12701
f431,cnt_Pro_312_312X642,0.101486,0.077541,0.0,0.127712,0.0
f432,cnt_312X642,0.0,0.0,0.0,0.0,0.0
f433,330X111-330X587,0.0,0.09545835,0.0,0.123683,0.0
f434,312X668-312X680,0.07120603333333332,0.1347261,0.10473,0.0,0.03966896666666666
f435,220X247-440AX2,0.194016,0.05638316666666667,0.08627175000000001,0.0,0.08076503333333333
f436,cnt_312X580,0.0,0.0,0.0,0.0,0.0
f437,cnt_312X187,0.0,0.0,0.0,0.0,0.0
f438,cnt_312X699,0.0,0.0,0.0226341,0.0,0.0
f439,cnt_Pro_312_312X640,0.0,0.0,0.0555547,0.0557725,0.0
f440,cnt_312X383,0.0,0.0891585,0.0,0.0,0.0
f441,cnt_312X644,0.0,0.1022388,0.0776335,0.0945873,0.19596449999999999
f442,cnt_312X640,0.0,0.04853196666666667,0.0,0.0,0.0
f443,cnt_Pro_312_312X458,0.030431066666666663,0.0142612,0.051822400000000005,0.09578928333333332,0.0
f444,cnt_Pro_312_312X281,0.0,0.0,0.0,0.0,0.0
f445,cnt_312X235,0.0,0.0,0.0,0.0,0.0
f446,cnt_Pro_312_312X269,0.0,0.0,0.0,0.0,0.0
f447,cnt_312X574,0.0,0.0105161,0.0,0.0,0.0
f448,cnt_312X28,0.0,0.0,0.0,0.0,0.0
f449,cnt_Pro_312_312X257,0.0,0.0,0.0,0.0,0.0
f450,cnt_Pro_312_312X263,0.0,0.0,0.0,0.0,0.0
f451,cnt_Pro_312_312X359,0.0,0.0,0.0,0.0,0.0
f452,cnt_Pro_312_312X732,0.205224,0.03028772,0.0,0.13485333333333335,0.054856749999999996
f453,cnt_Pro_312_312X353,0.0,0.0,0.0,0.0,0.179161
f454,cnt_312X32,0.0,0.0,0.0,0.0,0.0
f455,cnt_312X163,0.0,0.0,0.0,0.0,0.0
f456,cnt_312X704,0.0915313,0.0,0.031781,0.0,0.163615
f457,cnt_312X634,0.0,0.16035703333333334,0.0,0.0,0.0
f458,cnt_Pro_312_312X768,0.0350072,0.0,0.0,0.11590385,0.0
f459,cnt_312X732,0.0178151,0.0228888,0.063988,0.0,0.0
f460,cnt_Pro_312_312X676,0.198834,0.0778429,0.142274,0.0,0.13656
f461,cnt_312X442,0.0,0.0,0.0,0.0,0.0
f462,cnt_312X448,0.0,0.0,0.0,0.0,0.0
f463,cnt_312X457,0.0,0.0,0.0,0.0,0.0
f464,cnt_Pro_312_312X694,0.0,0.1499374,0.1655904,0.14346933333333334,0.07674537
f465,cnt_Pro_312_312X682,0.0,0.0138747,0.0,0.0,0.0386053
f466,cnt_312X458,0.0,0.0,0.0,0.0,0.0
f467,cnt_312X598,0.0,0.0,0.00443868,0.0,0.0
f468,cnt_312X630,0.0,0.0,0.0,0.0,0.10643095
f469,cnt_312X632,0.0,0.0,0.0935432,0.0,0.0
f470,cnt_Pro_312_312X634,0.0,0.0,0.0,0.0,0.0
f471,cnt_312X353,0.0,0.0,0.0,0.0,0.0493385
f472,cnt_Pro_312_312X704,0.0,0.269716,0.0672416,0.0,0.0
f473,cnt_312X359,0.0439486,0.0,0.0,0.0,0.071813
f474,cnt_312X365,0.0,0.0,0.0,0.0,0.0
f475,cnt_312X377,0.0,0.0,0.0,0.0,0.0
f476,cnt_Pro_312_312X630,0.0,0.0891607,0.0,0.0,0.1523714
f477,cnt_312X37,0.0,0.0,0.0,0.0,0.0
f478,cnt_Pro_312_312X436,0.0,0.0,0.0,0.0,0.0288441
f479,cnt_312X139,0.189545,0.06382159999999999,0.10669135,0.1254489888888889,0.11958020833333334
f480,cnt_312X73,0.0,0.0,0.188258,0.0,0.00477644
f481,cnt_Pro_312_312X430,0.15676,0.0876127,0.127521675,0.0,0.108941175
f482,cnt_312X223,0.0,0.0,0.0,0.0,0.0
f483,cnt_Pro_312_312X780,0.0,0.15734922857142858,0.138401,0.0356601,0.054505399999999996
f484,cnt_Pro_312_312X211,0.0,0.0,0.108314,0.0,0.0
f485,cnt_312X211,0.0,0.0,0.0,0.0,0.0
f486,cnt_312X199,0.0,0.0,0.0,0.0,0.0
f487,312X457-312X511,0.0,0.0,0.0,0.0,0.0
f488,cnt_Pro_312_312X774,0.0,0.0167171,0.0238395,0.0,0.0568296
f489,cnt_312X193,0.0,0.0,0.0,0.0,0.0
f490,cnt_312X43,0.0,0.0,0.0,0.0,0.0
f491,cnt_Pro_312_312X377,0.0,0.0,0.0,0.0,0.0
f492,cnt_Pro_312_312X223,0.0,0.0439798,0.0,0.0,0.0
f493,cnt_Pro_312_312X240,0.23001335,0.190301,0.0,0.0,0.0263314
f494,cnt_Pro_312_312X235,0.0,0.0196492,0.0,0.0,0.115557
f495,cnt_312X23,0.0,0.0,0.0,0.0,0.0
f496,cnt_Pro_312_312X383,0.0,0.0,0.0,0.0,0.0910263
f497,cnt_312X27,0.0,0.0,0.0,0.0,0.0
f498,cnt_Pro_312_312X217,0.0,0.032693,0.107609,0.0,0.0
f499,cnt_Pro_312_312X199,0.0,0.0,0.0,0.0,0.0
f500,cnt_Pro_312_312X726,0.0,0.0977157,0.045227,0.12180423333333333,0.0235886
f501,312X645,0.0,0.04838236666666667,0.042836349999999995,0.0,0.026935149999999998
f502,cnt_Pro_312_312X442,0.045884400000000006,0.0,0.0,0.0,0.09516256666666667
f503,cnt_Pro_312_312X699,0.134975375,0.0,0.22962866666666668,0.159186,0.0
f504,cnt_Pro_312_312X335,0.0,0.0,0.0,0.0,0.0
f505,cnt_Pro_312_312X762,0.0,0.0,0.0,0.0,0.09476464
f506,cnt_312X55,0.15100319999999998,0.06875413636363635,0.10724177142857143,0.132236,0.1307303818181818
f507,cnt_312X61,0.265277,0.0897772,0.30512,0.146828,0.06282467500000001
f508,cnt_Pro_312_312X738,0.0,0.0720456,0.07188733333333334,0.0224925,0.054112233333333336
f509,cnt_Pro_312_312X311,0.0,0.0,0.0,0.0,0.0
f510,cnt_Pro_312_312X293,0.0,0.0,0.0,0.0,0.0
f511,cnt_312X97,0.0,0.0,0.0,0.0,0.0
f512,cnt_312X85,0.0,0.0,0.0,0.0,0.0
f513,cnt_Pro_312_312X287,0.0,0.147542475,0.0,0.0,0.0
f514,cnt_312X79,0.0,0.0,0.0,0.0,0.0
f515,cnt_Pro_312_312X744,0.0682428,0.0,0.0703598,0.0,0.0
f516,cnt_Pro_312_312X246,0.0,0.0,0.0,0.0,0.0371619
f517,cnt_312X175,0.0,0.0,0.0,0.0,0.0
f518,cnt_Pro_312_312X365,0.0,0.0,0.0,0.0,0.0
f519,cnt_Pro_312_312X389,0.0745979,0.0,0.0,0.0,0.0
f520,cnt_312X436,0.0,0.0,0.0,0.0,0.0
f521,312X585,0.0,0.0867182,0.157183,0.0,0.0409985
f522,cnt_312X430,0.0,0.0,0.0592325,0.0,0.0
f523,312X470,0.132948,0.05091782500000001,0.09532495,0.14370349999999998,0.05514200166666668
f524,cnt_Pro_312_312X792,0.00756123,0.1332066,0.0451721,0.0,0.0635287
f525,cnt_Pro_312_312X163,0.0,0.0,0.0,0.0,0.0
f526,cnt_Pro_312_312X67,0.0651219,0.0,0.0,0.0,0.0
f527,312X642,0.0,0.109149,0.0,0.0,0.0
f528,312X457,0.0,0.0,0.0,0.0,0.0
f529,312X469,0.0146799,0.051931950000000004,0.1319545,0.08955065,0.0379329
f530,cnt_Pro_312_312X55,0.0,0.13397726666666668,0.0,0.107905,0.224361
f531,cnt_Pro_312_312X61,0.06351345,0.125639875,0.1944389,0.152122,0.0
f532,312X27-312X37,0.0,0.0,0.0,0.0,0.0
f533,cnt_Pro_312_312X127,0.0,0.0243496,0.0643506,0.14389600000000002,0.030247107500000002
f534,cnt_Pro_312_312X115,0.0,0.10342955000000001,0.0758889,0.141859,0.0285093
f535,312X489,0.0,0.105143,0.0,0.0,0.0345337
f536,312X511,0.0,0.0,0.0,0.0,0.0
f537,cnt_Pro_312_312X786,0.0,0.0739881,0.10952185,0.0,0.07038095
f538,312X523,0.0,0.0,0.0,0.0,0.0380827
f539,cnt_Pro_312_312X169,0.0461924,0.0,0.0,0.0,0.0
f540,312X579,0.0,0.0,0.0,0.0,0.0
f541,cnt_Pro_312_312X193,0.0,0.0,0.0,0.0,0.0
f542,cnt_Pro_312_312X121,0.07297416666666667,0.0,0.1332318166666667,0.07667185,0.04580504999999999
f543,cnt_Pro_312_312X133,0.15852219444444446,0.08407122666666669,0.08696407692307694,0.1556154,0.09232518108108106
f544,312X643,0.0861765,0.0857482,0.0,0.0,0.0
f545,312X8,0.0,0.0,0.0,0.0,0.0
f546,cnt_Pro_312_312X175,0.206178,0.0,0.0,0.0,0.0
f547,312X630,0.147751,0.0,0.0,0.0,0.0
f548,312X638,0.0,0.0,0.0,0.0,0.24631855
f549,312X632,0.0,0.0,0.0,0.0,0.0
f550,312X631,0.0,0.0,0.0,0.0,0.0
f551,312X633,0.0,0.0,0.0,0.0,0.0
f552,312X639,0.0,0.0574891,0.0,0.0,0.0
f553,cnt_Pro_312_312X91,0.0,0.0,0.0,0.0,0.0
f554,312X23,0.0,0.0,0.0,0.0,0.0
f555,312X429,0.0,0.0,0.0,0.0,0.0
f556,cnt_Pro_312_312X97,0.0,0.0,0.0,0.0,0.0
f557,cnt_Pro_312_312X85,0.0,0.0,0.0,0.0,0.0
f558,cnt_Pro_312_312X187,0.0,0.0,0.0,0.0,0.0
f559,cnt_Pro_312_312X139,0.0,0.24203785,0.0627226,0.1105409,0.10264282
f560,cnt_Pro_312_312X79,0.0,0.0,0.0,0.0,0.0
f561,312X458,0.0,0.0,0.0,0.0,0.0
f562,cnt_Pro_312_312X145,0.0,0.0379033,0.07734763333333333,0.0,0.1216479333333333
f563,cnt_Pro_312_312X73,0.0,0.0,0.0,0.0,0.0
f564,cnt_312X511,0.0,0.0,0.0,0.0,0.0
f565,cnt_312X592,0.0,0.0,0.0,0.0,0.0
f566,pcent_312X523,0.0,0.0,0.0,0.0,0.0
f567,pcent_312X579,0.0,0.0,0.0,0.0,0.0
f568,cnt_Pro_312_312X477,0.0,0.0,0.0,0.0,0.0
f569,cnt_Pro_312_312X720,0.0,0.110988925,0.08075803333333333,0.11101616666666668,0.0709728
f570,cnt_312X246,0.217783,0.0511127,0.0126904,0.0,0.0
f571,312X644,0.0,0.0,0.0,0.0,0.0
f572,cnt_312X281,0.0,0.0,0.0,0.0,0.0
f573,cnt_312X287,0.0,0.0,0.0886483,0.0,0.0
f574,cnt_312X293,0.0,0.0,0.0,0.0,0.0
f575,pcent_312X429,0.0,0.0,0.0,0.0,0.0
f576,pcent_312X458,0.0,0.0,0.0,0.0,0.0
f577,pcent_312X8,0.0,0.0,0.0,0.0,0.0
f578,pcent_312X469,0.0,0.0900278,0.0,0.0,0.0
f579,pcent_312X470,0.0,0.0421447,0.0713442,0.0,0.047016
f580,pcent_312X644,0.0,0.0,0.0,0.0,0.0
f581,pcent_312X645,0.0,0.0,0.0,0.0,0.0
f582,cnt_Pro_312_312X714,0.0,0.0558306,0.0,0.11766708749999999,0.06098236666666667
f583,cnt_Pro_312_312X598,0.0,0.0400534,0.0,0.0,0.0
f584,cnt_312X389,0.0,0.0,0.0457985,0.0,0.0
f585,cnt_Pro_312_312X670,0.0,0.08350489999999999,0.061478314285714285,0.1453415,0.098159
f586,pcent_312X23,0.0,0.0,0.0,0.0,0.0
f587,pcent_312X457,0.0,0.0,0.0,0.0,0.0
f588,cnt_312X240,0.0,0.0,0.0,0.0,0.0
f589,pcent_312X489,0.0,0.0,0.0,0.0,0.0
f590,cnt_312X311,0.0,0.0,0.0,0.0,0.0
f591,cnt_312X335,0.0,0.0,0.0,0.0,0.0
f592,cnt_Pro_312_312X580,0.0,0.0333609,0.01796725,0.00511504,0.0
f593,pcent_312X585,0.0,0.0,0.0328842,0.0,0.0
f594,pcent_312X630,0.0,0.0,0.0,0.0,0.0
f595,pcent_312X631,0.0,0.0,0.0,0.0,0.0
f596,pcent_312X632,0.0,0.0,0.0,0.0,0.0
f597,cnt_Pro_312_312X586,0.0443681,0.102988,0.155663,0.0,0.20423799999999998
f598,pcent_312X633,0.0,0.0,0.0,0.0,0.0
f599,cnt_Pro_312_312X592,0.0,0.0512769,0.0,0.0826424,0.0
f600,pcent_312X638,0.0,0.0,0.0,0.0,0.0435157
f601,pcent_312X639,0.0,0.0431638,0.0,0.0,0.0
f602,pcent_312X642,0.0,0.0,0.0,0.0,0.0
f603,pcent_312X643,0.0,0.0,0.0,0.0,0.0
f604,cnt_Pro_312_312X574,0.0,0.0,0.0,0.0,0.0
f605,pcent_312X511,0.0,0.0,0.0,0.0,0.0
f606,cnt_Pro_312_312X448,0.0,0.0,0.0,0.0,0.0
f607,cnt_310X177,0.1064894,0.0628691,0.2731709571428571,0.245835,0.1308627
f608,210X88-261X524,0.162785,0.08687295,0.0,0.0,0.029353453333333335
f609,330X315-330X375,0.10544253333333332,0.13606020000000002,0.292512,0.0,0.11386284999999999
f610,cnt_312X586,0.0,0.0,0.070189,0.0,0.0
f611,cnt_312X67,0.0,0.1155327,0.0,0.0,0.0
f612,330X191-330X670,0.12083315,0.07825037999999998,0.09584575000000001,0.207899,0.1147285
f613,330X361-330X438,0.125291,0.116022,0.0896117,0.162343,0.127465675
f614,312X518-312X519,0.0,0.0,0.0,0.0,0.0
f615,pcent_312X51,0.17863983333333333,0.17618880000000003,0.09411415555555555,0.0453946,0.10709968
f616,312X51,0.0,0.15238279999999998,0.069805925,0.0,0.0727763
f617,312X38-330X412,0.1919458888888889,0.09654896249999999,0.14478125,0.15224943000000002,0.1320926125
f618,220X156-330X560,0.155958,0.0,0.19559113333333333,0.13626560000000001,0.08664565
f619,261X517,0.0,0.0,0.0,0.0,0.1271
f620,pcent_261X517,0.0,0.0,0.0,0.0,0.0
f621,cnt_312X133,0.1504665,0.0338609,0.0677680625,0.229133,0.041671999999999994
f622,330X142-330X385,0.13165575000000002,0.208978,0.258562,0.138756,0.0460905
f623,330X146-330X594,0.0,0.0,0.084312,0.0,0.0403826
f624,330X226-340X1,0.1832549090909091,0.1515605416666667,0.16226084999999998,0.04072522,0.07529724555555556
f625,pcent_Pro_330_330X112,0.0130493,0.12649791100000002,0.18291899999999997,0.1349042,0.11595982857142854
f626,cnt_312X738,0.221353,0.07353183333333334,0.04848975,0.13158409999999998,0.07376387499999999
f627,210X88-261X523,0.0,0.0,0.0,0.0,0.0
f628,210X88-311X63,0.152276,0.0,0.125627,0.0,0.0
f629,330X305-330X365,0.0304641,0.05867215,0.227298,0.1884905,0.0640888
f630,330X344-330X528,0.0,0.161479,0.05165433333333333,0.0,0.0456412
f631,210X88-261X337,0.0,0.0,0.0,0.0,0.0
f632,210X88-311X64,0.0,0.0,0.0,0.0,0.0
f633,261X703,0.0,0.0,0.0,0.0,0.0
f634,pcent_261X703,0.0,0.0,0.0,0.0,0.0
f635,cnt_312X145,0.18415596190476188,0.11606755000000002,0.16571270000000002,0.14194452857142856,0.07820806470588236
f636,210X172-330X1228,0.16995449999999998,0.068781675,0.1715636869565218,0.303750125,0.18028873333333337
f637,330X118-330X478,0.25075169032258054,0.11890099545454542,0.19251685909090907,0.26156598181818186,0.04735255
f638,312X447,0.0,0.0,0.0,0.0,0.0
f639,pcent_312X447,0.0,0.0276083,0.0,0.0,0.0
f640,330X226-330X633,0.0954705,0.1455052,0.0740348,0.0,0.1372207
f641,330X159-330X179,0.1578097,0.11212552,0.16259862499999997,0.12731065,0.073659108
f642,210X189-220X412,0.12852006,0.07803517222222221,0.0947596888888889,0.1372722,0.059100990000000006
f643,330X121-330X555,0.16865039999999998,0.07446496666666666,0.15175827894736843,0.14389325,0.059455704999999984
f644,pcent_Pro_312_312X211,0.22748437142857142,0.17823152,0.23819571250000005,0.144752375,0.10749510000000002
f645,210X5,0.08160640000000001,0.09815266875,0.053530140000000004,0.1990253333333333,0.1122978411111111
f646,pcent_210X5,0.0,0.11713235,0.0,0.185461,0.05868185
f647,210X87-261X522,0.15503,0.0,0.0,0.203284,0.0
f648,210X87-261X708,0.0,0.0,0.0,0.0,0.0
f649,220X524-311X8,0.10579954,0.0757349811764706,0.09712980842105264,0.0,0.061146552380952374
f650,210X88-311X61,0.0976268,0.0,0.0,0.0,0.0
f651,210X88-261X521,0.0,0.0,0.0,0.0,0.0465749
f652,pcent_312X426,0.0,0.0,0.0,0.0,0.0
f653,312X426,0.0,0.0,0.0,0.0,0.0
f654,cnt_312X426,0.0,0.0,0.0,0.0,0.0
f655,210X189-220X354,0.0,0.024241699999999998,0.025569653333333334,0.128989,0.08427313333333335
f656,210X88-261X709,0.0,0.0,0.0,0.0,0.0
f657,pcent_220X266,0.0901435,0.0635047,0.0555824,0.0,0.0397423
f658,220X266,0.0,0.0785825,0.0,0.0,0.0
f659,pcent_Pro_312_312X377,0.0656068,0.08009355454545454,0.054105610000000005,0.1513975875,0.05522270333333334
f660,cnt_Pro_312_312X554,0.10119763333333333,0.061993791666666666,0.08869314705882352,0.06043443500000001,0.06455414999999999
f661,330X135-330X576,0.0,0.07809212499999998,0.0,0.0,0.0
f662,pcent_Pro_210_210X111,0.2997194277777777,0.19429285384615386,0.35956034285714283,0.308287996,0.23226803750000002
f663,cnt_312X269,0.0,0.0,0.0,0.0,0.0
f664,210X87-261X710,0.0,0.0,0.168283,0.0,0.102495
f665,210X87-311X64,0.0,0.0,0.0,0.0,0.0
f666,750X520-750X612,0.14291204444444444,0.11791698000000002,0.08173996666666666,0.09998875,0.1193397142857143
f667,310X29-520X266,0.23557829166666666,0.16051194193548385,0.08816334999999999,0.16497787777777773,0.12121331249999998
f668,312X458-312X470,0.134493,0.0,0.0,0.0,0.03135295
f669,330X125-330X594,0.1442,0.132549,0.0,0.0,0.159895
f670,330X128-330X562,0.1961003,0.13658523846153847,0.1318589,0.1731975,0.08390704
f671,pcent_330X333,0.0,0.0,0.0,0.0,0.0
f672,330X333,0.0,0.0,0.0,0.0,0.0
f673,312X23-330X141,0.1730015,0.10332115,0.116154,0.04010375,0.1338128
f674,pcent_330X353,0.0,0.0,0.0,0.0,0.0
f675,330X353,0.0,0.0,0.0,0.0,0.0
f676,pcent_Pro_750_750X789,0.0,0.2029478,0.09852660636363636,0.2973839333333333,0.2810315333333334
f677,220X281-220X524,0.1431527,0.052679550000000006,0.16293197142857144,0.1006239,0.07364016666666666
f678,330X102-330X403,0.09297630000000001,0.10951926000000001,0.15618125999999996,0.16862188571428569,0.09332085
f679,210X135-210X168,0.12213200000000002,0.108471,0.0,0.1311645,0.16205268571428572
f680,330X139-330X594,0.0,0.0,0.0960719,0.0,0.0
f681,cnt_312X217,0.0,0.0,0.0,0.0,0.00532069
f682,cnt_312X6,0.0,0.0,0.0,0.0,0.0
f683,cnt_312X18,0.0,0.0,0.0217881,0.0,0.0
f684,pcent_312X41,0.0,0.0,0.0,0.0,0.0
f685,pcent_312X21,0.0,0.0,0.0,0.0,0.0
f686,pcent_312X26,0.0,0.0,0.0,0.0,0.0
f687,cnt_312X1,0.0,0.0,0.0,0.0,0.0
f688,312X26,0.0,0.0,0.0,0.0,0.0
f689,312X48,0.0,0.0,0.0,0.0,0.0
f690,312X21,0.0,0.0,0.0,0.0,0.0
f691,cnt_312X21,0.0,0.0,0.0,0.0,0.0
f692,cnt_312X22,0.0,0.0,0.0,0.0,0.0
f693,312X11,0.0,0.0,0.0,0.0,0.0
f694,cnt_312X26,0.0,0.0,0.0,0.0,0.0
f695,cnt_312X31,0.0,0.0,0.0,0.0,0.0
f696,312X1,0.0,0.0,0.0,0.0,0.0
f697,312X41,0.0,0.0,0.0,0.0,0.0
f698,cnt_312X7,0.0,0.0,0.0,0.0,0.0
f699,pcent_312X42,0.0,0.0,0.0,0.0,0.0
f700,312X42,0.0,0.0,0.0,0.0,0.0
f701,cnt_312X42,0.0,0.0,0.0,0.0,0.0
f702,312X21-344X10,0.0,0.0,0.0,0.0,0.0
f703,cnt_312X46,0.0,0.0,0.0,0.0,0.0
f704,pcent_312X46,0.0,0.0,0.0,0.0,0.0
f705,312X16-312X18,0.0,0.0,0.0,0.0,0.0
f706,pcent_312X11,0.0,0.0,0.0,0.0,0.0
f707,cnt_312X11,0.0,0.0,0.0,0.0,0.0
f708,pcent_312X48,0.0,0.0,0.0,0.0,0.0
f709,pcent_312X636,0.0,0.0,0.116692,0.0,0.114598
f710,312X636,0.0,0.0,0.0,0.0,0.0
f711,cnt_312X41,0.0,0.0,0.0,0.0,0.0
f712,pcent_312X1,0.0,0.0,0.0,0.0,0.0
f713,312X26-312X28,0.0,0.0,0.08481985,0.0,0.137281
f714,312X46,0.0,0.0,0.0,0.0,0.0
f715,pcent_312X438,0.0,0.0431396,0.0,0.0704003,0.123063
f716,312X438,0.0,0.0,0.0,0.0,0.0
f717,cnt_Pro_312_312X245,0.0,0.0,0.100804,0.0,0.0
f718,cnt_312X576,0.140238,0.09241360909090911,0.402678,0.0181855,0.0601577
f719,cnt_312X682,0.0,0.047518066666666664,0.0,0.0459208,0.0213254
f720,pcent_330X206,0.0,0.10303,0.0,0.0,0.0212415
f721,330X206,0.0,0.0,0.0,0.0,0.0
f722,pcent_311X61,0.0,0.0,0.0,0.0,0.0
f723,311X61,0.0,0.0,0.0,0.0,0.0
f724,312X46-330X107,0.02503075,0.11408799999999998,0.11783632499999999,0.027770450000000002,0.04647858571428571
f725,cnt_312X257,0.0,0.0,0.0,0.0,0.0885006
f726,330X102-330X510,0.10219345,0.09557695,0.128473,0.1254475,0.14867487499999998
f727,pcent_Pro_360_360X635,0.139241,0.08008185000000001,0.07990989999999999,0.15556,0.13209198
f728,330X147-330X671,0.2376962857142857,0.1804605,0.0,0.0677816,0.128172
f729,360X155-360X764,0.217314,0.13671713333333332,0.20922005,0.125524,0.10710570000000001
f730,330X142-330X375,0.0,0.0,0.0,0.0,0.0037659
f731,312X26-330X548,0.0,0.0690467,0.0,0.120225,0.0883154
f732,360X273-360X306,0.09918795583333333,0.13072160370370375,0.11045243478260872,0.14815752000000001,0.09131178750000002
f733,330X588-340X1,0.1812142076923077,0.12895546842105263,0.11755748235294117,0.150293858,0.11551905833333337
f734,312X21-330X412,0.0662729,0.11752911428571429,0.0280174,0.09580824499999999,0.10559359999999998
f735,330X102-330X296,0.0,0.0,0.0,0.0,0.0
f736,330X610,0.0303288,0.0564613,0.0,0.105765,0.05559003333333334
f737,pcent_330X610,0.0,0.0,0.0220837,0.0951196,0.0
f738,cnt_312X720,0.0,0.11414525,0.175111,0.0,0.0
f739,210X157-220X415,0.0,0.0,0.0103411,0.116641,0.0
f740,750X156-750X604,0.125884,0.13673296666666668,0.07804685,0.0,0.114991125
f741,330X333-340X1,0.0,0.14822182857142857,0.14071386,0.0,0.08253536666666667
f742,220X247,0.0,0.11394055,0.0,0.0,0.159058
f743,pcent_220X247,0.0,0.0,0.0,0.0,0.0
f744,312X429-420X79,0.07764145,0.04784073333333333,0.2273694,0.1862890711111111,0.2073870076923077
f745,210X88-261X338,0.0,0.0,0.0,0.0,0.0
f746,210X88-261X710,0.0,0.0,0.0,0.0,0.0
f747,cnt_312X774,0.0,0.0,0.0,0.07345809,0.086059
f748,330X516-330X594,0.133237,0.04624927499999999,0.14189258,0.11888616,0.1202585
f749,330X690-330X701,0.13691116666666667,0.11506843333333333,0.0720137,0.130847,0.07465510777777778
f750,pcent_Pro_310_310X37,0.130765,0.1281627,0.14936424,0.14315698,0.0
f751,210X150-210X151,0.0614624,0.192307,0.215751,0.0828257,0.15077136666666666
f752,cnt_312X470,0.072955,0.0719032,0.07502685,0.1146126625,0.11179132500000001
f753,312X470-312X511,0.0919848,0.0,0.0,0.0,0.19312889999999996
f754,312X46-330X512,0.0,0.0477472,0.194994,0.0577426,0.08253963333333335
f755,pcent_Pro_220_220X266,0.23590118000000002,0.0,0.0446576,0.0,0.112236
f756,210X195-220X288,0.0,0.09298885999999998,0.0331312,0.13231,0.190141
f757,pcent_311X62,0.0,0.0,0.0,0.0,0.0
f758,311X62,0.0,0.0,0.0,0.0,0.0
f759,312X26-330X147,0.0,0.0768709,0.12602266,0.04124865,0.0560881
f760,210X87-311X57,0.0,0.0,0.0,0.0,0.0
f761,210X120-210X169,0.139924,0.10229506000000002,0.06710733333333334,0.0,0.09848532777777778
f762,330X588-330X697,0.0,0.0,0.0,0.0,0.0
f763,210X157-210X166,0.2067045,0.13224191666666665,0.07195614000000002,0.1930685,0.015601299999999999
f764,312X457-312X577,0.0,0.0,0.0,0.0,0.0
f765,330X341-330X458,0.0,0.0,0.10059,0.0,0.0
f766,312X673-312X679,0.0,0.13982833333333333,0.0,0.0,0.0624273
f767,cnt_312X631,0.0,0.0,0.0,0.0,0.00698712
f768,210X88-261X707,0.0,0.0,0.0,0.0,0.0
f769,261X331,0.0,0.0,0.0,0.0,0.0
f770,pcent_261X331,0.0,0.0,0.0,0.0,0.0
f771,210X87-261X336,0.0,0.0,0.0,0.0,0.0
f772,210X87-311X62,0.0,0.0,0.0,0.0,0.0
f773,cnt_312X672,0.0,0.07725815,0.1385255,0.136208,0.0581551
f774,312X463,0.107488,0.09825020000000001,0.06105891111111111,0.0,0.04001685
f775,pcent_312X463,0.101328,0.0,0.07395725,0.06734445,0.0
f776,330X451-330X501,0.118151,0.15682765,0.0,0.18672333333333335,0.1326935
f777,330X157-330X670,0.1576865,0.160810625,0.05537566666666666,0.168576,0.00374624
f778,pcent_310X115,0.17817085714285713,0.10562828125000001,0.1260003875,0.159925525,0.09941039600000001
f779,310X115,0.1386585,0.1000413,0.08342115,0.104958,0.18114305
f780,330X142-330X575,0.11421,0.229647,0.0,0.0,0.0939647
f781,310X149-310X151,0.12748393333333333,0.0222918,0.105545625,0.10698555,0.09224946
f782,330X139-330X573,0.13229235,0.0965269,0.19872599999999999,0.156570825,0.10536942
f783,210X88-261X335,0.0,0.0,0.0,0.0,0.0
f784,pcent_Pro_330_330X677,0.0,0.1152796,0.03668055,0.0,0.07678285
f785,261X335,0.0,0.0,0.0,0.0,0.0
f786,pcent_261X335,0.0,0.0,0.0,0.0,0.0
f787,340X107-344X214,0.1113185,0.09759249999999998,0.0,0.10981702,0.07889734999999999
f788,210X150-210X167,0.107646,0.089956225,0.07520302222222222,0.1002213,0.06266995714285714
f789,311X64,0.0,0.0,0.0,0.0,0.0
f790,pcent_311X64,0.0,0.0,0.0,0.0,0.0
f791,210X85-312X423,0.20193366666666668,0.12174662,0.17130391538461534,0.13502,0.20730092105263156
f792,330X512-330X611,0.15130664,0.10184740874999998,0.1437467,0.13129752857142857,0.0897875
f793,330X266-330X691,0.188164,0.083414975,0.10499875,0.0,0.12492905
f794,330X107-330X335,0.12773759999999998,0.1853125,0.12193716666666667,0.16809300000000002,0.185465225
f795,cnt_312X91,0.0,0.0,0.0,0.0,0.0
f796,261X704,0.0,0.0,0.0,0.0,0.0
f797,pcent_261X704,0.0,0.0,0.0,0.0,0.0
f798,210X134-210X169,0.184241,0.0,0.15188,0.13204300000000002,0.09900047777777776
f799,261X336,0.0,0.0,0.0,0.0,0.0
f800,pcent_261X336,0.0,0.0,0.0,0.0,0.0
f801,330X324-330X528,0.0,0.248399,0.0150406,0.0,0.0
f802,360X294-360X702,0.07627195,0.13494863689655173,0.139620952,0.14703444285714284,0.1044366
f803,750X115-750X368,0.10237424285714285,0.07521779999999999,0.0753927,0.116382,0.1148485
f804,330X335-330X604,0.191685,0.0880741,0.0657598,0.17038753333333334,0.173404
f805,330X286-330X633,0.16323368,0.1364804428571429,0.13379764166666666,0.14804566666666666,0.0947785
f806,312X376-312X383,0.14772052500000002,0.08737864714285715,0.0903219,0.10670449999999998,0.08989308235294119
f807,310X34,0.0,0.0592716,0.09997626000000001,0.171284,0.044142999999999995
f808,pcent_310X34,0.0,0.06615573333333334,0.0,0.0,0.0473603
f809,pcent_400X33,0.11833861428571428,0.06676015714285714,0.08525840526315791,0.07979991111111111,0.08599524827586208
f810,400X33,0.0,0.0547345425,0.09980153333333334,0.0805257,0.053073666666666665
f811,210X87-261X338,0.0,0.0,0.0,0.0,0.0
f812,210X87-261X524,0.0,0.0,0.0,0.0,0.0
f813,310X149,0.08953995000000001,0.11757243333333334,0.03335115,0.08176009999999999,0.06571094285714285
f814,pcent_310X149,0.0,0.13373215,0.0,0.0,0.0410138
f815,330X206-330X286,0.19442275,0.2086812857142857,0.1684273785714286,0.19056668,0.114532925
f816,220X274-311X58,0.04825475,0.07894542727272728,0.08149864999999999,0.09918574,0.0866374157894737
f817,330X139-330X580,0.0,0.0685455,0.11961,0.16872,0.0
f818,210X189-220X355,0.0,0.0536194,0.11914298888888888,0.0,0.0414166
f819,cnt_312X785,0.1976612603448276,0.15577423918918915,0.15891538694444435,0.18517027272727277,0.14391020892857137
f820,312X12,0.0,0.0,0.0,0.0,0.0
f821,cnt_312X47,0.0,0.0,0.0,0.0,0.0
f822,cnt_Pro_312_312X292,0.0,0.0,0.10553209999999999,0.12976166666666666,0.0514619
f823,pcent_312X12,0.0,0.0,0.0,0.0,0.0
f824,330X214-330X274,0.149794,0.0783682,0.09156159375,0.10858999999999999,0.07158652000000001
f825,330X341-330X371,0.07387476666666666,0.10935083333333333,0.10590493333333334,0.11281246666666667,0.087028
f826,pcent_312X577,0.0,0.0,0.0,0.0,0.0
f827,312X577,0.0,0.0,0.0,0.0,0.0
f828,210X12-312X71,0.14978866666666665,0.10141324444444445,0.10339055000000001,0.13101775000000002,0.10968207777777778
f829,210X88-261X703,0.0,0.047803066666666665,0.0,0.0,0.0
f830,210X88-261X517,0.0,0.0,0.0,0.0,0.0
f831,pcent_330X157,0.0,0.0,0.0,0.0,0.0
f832,330X157,0.0,0.0,0.0,0.0,0.0
f833,cnt_312X643,0.0,0.0,0.0,0.0,0.0
f834,cnt_Pro_312_312X456,0.0,0.0,0.0834344,0.0,0.08231071363636364
f835,pcent_520X178,0.10265866666666668,0.08148363243243242,0.08671339333333332,0.1189341,0.07419538133333332
f836,520X178,0.0,0.08309636363636362,0.10175206666666665,0.12677715,0.05082219999999999
f837,220X352-311X7,0.2073101833333333,0.12003102424242423,0.15020086911764696,0.20015035388888888,0.12504320823529408
f838,330X155-330X195,0.15296525,0.08333642499999999,0.13038293333333334,0.1614815,0.13761551333333336
f839,330X375-330X597,0.2906745,0.08437773333333333,0.252348552173913,0.0150081,0.11320305454545454
f840,cnt_312X638,0.060042,0.0,0.0,0.00468746,0.2617451
f841,210X12-340X99,0.12497361578947369,0.11239658709677423,0.09460086833333332,0.164973,0.07361861311475412
f842,330X1112-340X1,0.25710512608695646,0.2053549375,0.21257728571428575,0.20465575,0.19813857500000007
f843,pcent_210X190,0.17234707857142856,0.10665135333333334,0.09711295454545453,0.16384521176470587,0.09395714
f844,210X190,0.13553035714285713,0.16113495,0.09999842499999999,0.14921655714285714,0.107483
f845,210X88-261X708,0.0,0.0,0.0,0.0,0.0
f846,210X88-311X62,0.0,0.0,0.0,0.0,0.0
f847,210X88-261X522,0.0,0.0,0.0,0.0,0.0
f848,210X88-261X336,0.0,0.0,0.0,0.0,0.0
f849,cnt_Pro_312_312X425,0.0,0.0,0.0385236,0.0,0.0
f850,210X88-261X334,0.0,0.0,0.0,0.0,0.0
f851,210X88-261X520,0.0,0.0,0.0,0.0,0.0
f852,310X115-312X256,0.15495326923076924,0.08732687000000001,0.10457988,0.19402318181818187,0.11214998125000002
f853,pcent_261X332,0.0,0.0,0.0,0.0,0.0
f854,261X332,0.0,0.0,0.0,0.0,0.0
f855,750X148-750X487,0.20968599999999998,0.0780358642857143,0.07629403571428572,0.135494425,0.10111596666666668
f856,cnt_Pro_312_312X291,0.0,0.0,0.0,0.0,0.04476083333333333
f857,330X335-330X375,0.1929458,0.13428257142857142,0.09523768000000002,0.068190625,0.13684105
f858,cnt_312X792,0.022462,0.0216204,0.10498695,0.0,0.0789803
f859,pcent_750X789,0.350759,0.298008,0.21410633333333332,0.2605054333333333,0.2495613333333333
f860,750X789,0.0,0.255468,0.199534,0.301975,0.0
f861,pcent_261X337,0.0,0.0,0.0,0.0,0.0
f862,261X337,0.0,0.0,0.0,0.0,0.0
f863,330X106-330X304,0.117523,0.0,0.0640941,0.0,0.204420225
f864,pcent_Pro_360_360X294,0.13887035,0.08794866666666667,0.12618606666666668,0.16448266666666667,0.09621219333333335
f865,330X287-330X518,0.0,0.0,0.08800556666666666,0.0,0.100402
f866,312X28-330X677,0.24220375,0.0,0.153224,0.0,0.164212
f867,330X335-330X395,0.114677,0.182486,0.08939533333333333,0.0,0.1354443209090909
f868,330X107-330X539,0.120786925,0.11889705,0.09426764000000001,0.122351,0.0632302
f869,pcent_Pro_312_312X520,0.166227,0.095296,0.13359008571428574,0.10651465,0.09809203333333333
f870,330X114-330X375,0.0,0.06776385,0.29062,0.039491399999999996,0.0505049
f871,210X88-311X60,0.0,0.0,0.0,0.0,0.0
f872,330X305-330X395,0.178734,0.1902336,0.0556604,0.178824,0.1235849
f873,pcent_Pro_330_330X335,0.246603375,0.16397075444444445,0.12834224166666666,0.20573308888888883,0.08569430909090911
f874,312X470-312X584,0.239928,0.08600373076923075,0.16704168888888893,0.0,0.20030810000000002
f875,pcent_310X4,0.16465480000000002,0.09205654285714285,0.12855953750000002,0.0909242,0.10670054285714285
f876,310X4,0.0,0.0,0.0570816,0.0,0.0985981
f877,312X26-330X671,0.0,0.07497926666666667,0.0,0.06451305,0.08189573333333333
f878,cnt_312X600,0.0952232,0.04126479500000001,0.0801653,0.11289310000000001,0.06802505
f879,312X38-330X276,0.0,0.0,0.14995273333333334,0.124223,0.12870583333333332
f880,360X115,0.167036,0.07952295555555557,0.09365669090909093,0.094946275,0.06652447777777777
f881,pcent_360X115,0.0,0.1195885,0.07313415,0.0,0.0258366
f882,330X529-330X555,0.262489,0.052495535,0.08812313333333333,0.07395696666666667,0.0439699
f883,210X149-210X166,0.14663833333333331,0.07520918749999998,0.08428846666666667,0.12702775,0.08400462727272727
f884,330X296-330X412,0.07070773999999999,0.1305995,0.11871278333333334,0.10649987500000001,0.07024285454545455
f885,312X38-330X286,0.09424774999999999,0.103236,0.09194925000000001,0.0,0.0526152
f886,210X12-750X1298,0.2874852,0.18420953636363632,0.16530502500000002,0.13722362,0.146461725
f887,330X353-330X717,0.11808644333333335,0.0,0.1079745,0.19900475,0.1452632
f888,312X516-330X102,0.085601875,0.10859756666666666,0.08175606999999999,0.20606049999999998,0.05916328181818182
f889,330X206-340X161,0.0,0.0,0.16528665,0.13429825,0.1077143
f890,330X573-330X590,0.1324762142857143,0.11026338,0.10386172857142859,0.157882,0.10819353749999999
f891,312X38-330X442,0.1746028,0.08649224666666666,0.119442914,0.18085633333333337,0.1401760825
f892,330X314-330X518,0.09354546666666667,0.0393379,0.0,0.108193,0.09524995
f893,cnt_312X588,0.0712206,0.0428223,0.0400533,0.0,0.08673805
f894,330X142-330X576,0.0,0.08702808333333333,0.0777689,0.0,0.07572055
f895,330X324-330X518,0.0,0.0233772,0.0,0.0,0.0767869
f896,330X108-330X594,0.136932,0.0,0.146358,0.0,0.102717
f897,312X21-330X492,0.14666245833333336,0.11986682631578949,0.07001467777777778,0.093927975,0.07681405555555555
f898,330X286-330X697,0.20674800000000002,0.2497116666666667,0.10253476666666667,0.0672805,0.19295790000000002
f899,330X208-330X590,0.0,0.0825798,0.0,0.11047,0.0
f900,312X26-330X569,0.177933,0.08301656363636363,0.09095913571428572,0.06353070000000001,0.09076489743589743
f901,312X373-312X383,0.0,0.09154544999999999,0.08741295,0.0,0.0627097
f902,330X1086-750X476,0.1158975,0.06115720857142857,0.08344794285714285,0.110432,0.0958361
f903,cnt_Pro_312_312X197,0.0,0.0,0.0,0.0,0.0266473
f904,312X341,0.0,0.09931699999999999,0.06904676666666666,0.0932074,0.06423665
f905,312X313-312X341,0.0,0.0712957,0.0,0.0,0.0
f906,pcent_312X341,0.0,0.0,0.0622762,0.0,0.0
f907,210X88-261X518,0.0,0.0,0.0,0.0,0.0
f908,210X88-261X332,0.0,0.0,0.0,0.0,0.0
f909,210X88-311X58,0.0,0.0,0.0,0.0,0.0
f910,312X21-330X110,0.0,0.0828146,0.10223505,0.0,0.07880090000000001
f911,220X156-330X553,0.102042,0.0,0.09765726666666667,0.12598725,0.06293091666666667
f912,220X156-330X567,0.0,0.0,0.1888785,0.0984738,0.0387306
f913,310X34-344X252,0.220447475,0.1632983235294118,0.1286682,0.21254516666666667,0.10090657500000001
f914,261X280-261X623,0.216186195,0.11278259545454544,0.17463413749999998,0.18504933125,0.156479243902439
f915,210X88-261X704,0.0,0.0,0.0,0.0,0.0
f916,261X713-360X115,0.0458122,0.10509575,0.0313272,0.13334079999999998,0.2546602
f917,210X149-210X168,0.100047,0.0741423,0.0816379,0.15263990000000002,0.10698561666666667
f918,310X29-520X259,0.17282149375000005,0.16118772566666673,0.11271131666666667,0.20345381999999995,0.0930803
f919,261X518,0.0,0.0,0.0,0.0,0.0
f920,pcent_261X518,0.0,0.0,0.0,0.0,0.0
f921,330X110-330X315,0.124436,0.07684289999999999,0.109391,0.259183,0.0
f922,pcent_312X53,0.0,0.0,0.0,0.0,0.0
f923,312X53,0.0,0.0,0.0,0.0,0.0
f924,750X413-750X542,0.1180447,0.07129583529411765,0.108746,0.13572399999999998,0.10281351428571427
f925,210X88-261X706,0.0,0.0,0.0,0.0,0.0
f926,312X21-330X539,0.0,0.0,0.13998555000000001,0.0,0.09569081666666668
f927,330X335-330X365,0.13990503333333335,0.00928403,0.11779205000000001,0.0,0.13181435
f928,pcent_Pro_312_312X518,0.0,0.0,0.0189094,0.0,0.08274106666666668
f929,330X314-330X501,0.0,0.0945086,0.0,0.0,0.0
f930,312X380-312X383,0.0680761,0.17624133333333333,0.0416679,0.0,0.1313832
f931,330X581-340X1,0.194824,0.0,0.1491808666666667,0.0,0.18029056666666665
f932,330X597-330X611,0.0764507,0.093180975,0.17530484999999998,0.33012,0.13672756666666663
f933,310X20-310X38,0.3439122769230769,0.2893726,0.2234858333333333,0.3427239214285715,0.316800135
f934,310X30,0.12185299999999999,0.05962194285714285,0.0810917,0.10316612666666665,0.0537927
f935,pcent_310X30,0.0,0.0732503,0.05891763333333333,0.08599765,0.06959553999999998
f936,330X286-330X333,0.0,0.14535771666666666,0.09464860000000001,0.171142,0.10211623333333335
f937,330X633-344X5,0.0,0.15629,0.0594828,0.222822,0.0
f938,330X325-330X611,0.0,0.0552486,0.154544,0.124611,0.08018565
f939,pcent_Pro_210_210X169,0.32495841030927847,0.21567847536231888,0.2021785041095891,0.2616598104651163,0.20994081008403354
f940,312X21-330X405,0.164093,0.0,0.15014438333333333,0.115151,0.0518266
f941,312X21-330X422,0.0363324,0.059460105,0.06272675,0.07044966666666667,0.12194325
f942,312X464,0.0,0.0567872,0.194452,0.0,0.05803466666666667
f943,pcent_312X464,0.0,0.0514227,0.0,0.0,0.0
f944,210X118-220X415,0.0,0.14619955,0.0389424,0.0,0.08926260000000001
f945,330X304-330X518,0.0,0.145822,0.0588489,0.131258,0.0
f946,cnt_Pro_312_312X424,0.0,0.0,0.12704799999999997,0.158439,0.10357096666666667
f947,220X309-310X37,0.19270779999999998,0.14722237500000002,0.1231609,0.1462215,0.161918
f948,330X106-344X58,0.21126556521739132,0.09238433076923078,0.1282452892857143,0.14308315499999996,0.1457701057794118
f949,330X191-330X548,0.08269375,0.034474177499999994,0.0871233,0.11252,0.06285632857142856
f950,330X588-330X701,0.0657963,0.10271925000000001,0.0,0.0,0.0392198
f951,330X461-330X491,0.0,0.0,0.0,0.0,0.164408
f952,pcent_Pro_330_330X105,0.1030933,0.23229659999999996,0.28625849999999997,0.0,0.12569653333333333
f953,330X462-330X576,0.087438925,0.16482666666666668,0.18257898,0.302952,0.26259
f954,220X392-330X697,0.09379979999999999,0.071197675,0.061322878571428575,0.00322376,0.0564626076923077
f955,330X304-330X596,0.15386595,0.16799866666666666,0.1257819166666667,0.0914348,0.0901297
f956,311X155-750X764,0.12401262857142857,0.07052451,0.1331878,0.22207539999999998,0.11678934545454545
f957,311X67-750X764,0.143582,0.214008,0.0846926,0.07000163333333333,0.142545425
f958,cnt_312X762,0.153713,0.0332038,0.0,0.0,0.0474317
f959,312X189-312X426,0.0,0.0,0.0,0.0,0.0
f960,pcent_330X670,0.0,0.0,0.0,0.0,0.0
f961,330X670,0.0,0.0,0.0,0.0,0.0
f962,pcent_400X30,0.10511105357142854,0.09714214583333335,0.10756252499999998,0.11284006999999999,0.09013799020833334
f963,400X30,0.190255,0.08815445999999999,0.09764843333333334,0.07605612333333334,0.09487706666666668
f964,pcent_Pro_220_220X9,0.10444655,0.08694923999999998,0.19383140454545458,0.204344125,0.07342395516129036
f965,330X206-340X1,0.20473,0.10352575,0.19359400000000002,0.266847,0.1033069
f966,cnt_312X636,0.0,0.0,0.061938450000000006,0.0,0.0
f967,cnt_Pro_312_312X576,0.1447855,0.09404590000000002,0.042498,0.1846041,0.073672868
f968,pcent_Pro_311_311X60,0.0,0.0773718,0.102195,0.13128,0.0
f969,220X412-220X524,0.14209352000000003,0.115000425,0.09278851666666665,0.12492833333333335,0.11147553157894738
f970,261X476-261X643,0.0,0.045530225,0.07860731666666666,0.08272783333333333,0.0
f971,330X226-330X588,0.079066,0.0507358,0.10400042500000001,0.0,0.0849871
f972,261X341-360X115,0.0,0.0,0.0705037,0.0,0.0
f973,330X305-330X412,0.1696805,0.14971944999999998,0.17626742499999998,0.0,0.08968165
f974,330X278-330X508,0.0,0.06250694999999999,0.07099186,0.101432,0.06129364
f975,pcent_312X561,0.0138018,0.0962778,0.11828468750000001,0.0,0.0
f976,312X561,0.0,0.0,0.19288,0.0,0.0
f977,330X294-330X418,0.15543053333333332,0.0,0.14147700000000002,0.0,0.0195696
f978,210X133-210X148,0.1159815,0.059571098,0.1126676875,0.0747743,0.10421715384615383
f979,220X164-310X150,0.15064313333333335,0.15073785,0.23942535000000006,0.27030260400000006,0.17904457777777777
f980,261X333,0.0,0.0,0.0,0.0,0.0
f981,261X519,0.0,0.0,0.0,0.0,0.0
f982,pcent_261X519,0.0,0.0,0.0,0.0,0.0
f983,pcent_261X333,0.0,0.0,0.0,0.0,0.0
f984,220X274-261X703,0.125146,0.08551078,0.0,0.08655739999999999,0.169622
f985,210X150-210X169,0.2181195,0.0,0.12997346666666665,0.16432266666666664,0.1778843333333333
f986,330X112,0.12189792499999999,0.06734806666666666,0.0,0.0,0.19952799999999998
f987,pcent_330X112,0.0,0.0481366,0.0,0.0,0.0
f988,330X409-330X594,0.13944,0.12837085,0.09453299999999999,0.0456037,0.11229660000000001
f989,210X151-220X415,0.0,0.0,0.07254414000000001,0.0,0.163144
f990,330X581-330X691,0.0,0.0,0.0610881,0.0,0.0
f991,330X717-344X5,0.0,0.204775,0.20343466666666665,0.0,0.0
f992,261X527-360X115,0.0,0.0,0.0,0.0,0.0
f993,pcent_311X59,0.0,0.0,0.0,0.0,0.0
f994,311X59,0.0,0.0,0.0,0.0,0.0
f995,330X288-330X412,0.16469699999999998,0.0509062,0.10417,0.217547,0.10129955
f996,210X1-330X548,0.23889,0.10432670499999999,0.15046154545454546,0.14768075,0.1276602375
f997,311X155-360X115,0.0,0.0,0.0,0.0,0.0
f998,312X782-312X786,0.3110647736842104,0.19513043787878784,0.22432742258064509,0.2914556307692308,0.21002939298245618
f999,330X575-330X671,0.0,0.055863533333333326,0.07281142857142857,0.0,0.05012455000000001
f1000,310X36-420X28,0.22831541666666666,0.0983392588235294,0.13965974444444443,0.11966982727272728,0.1398627714285714
